variable,df,llf_constrained,LR,LR_raw,p_value,converged,n_iter,tested_terms,p_holm,reject_holm_0.05
provider_state,100,-360021.3763109779,999.8691736108158,999.8691736108158,2.446269295687702e-148,True,5,state_AL__x__dme;state_AL__x__outpatient;state_AR__x__dme;state_AR__x__outpatient;state_AZ__x__dme;state_AZ__x__outpatient;state_CA__x__dme;state_CA__x__outpatient;state_CO__x__dme;state_CO__x__outpatient;state_CT__x__dme;state_CT__x__outpatient;state_DC__x__dme;state_DC__x__outpatient;state_DE__x__dme;state_DE__x__outpatient;state_FL__x__dme;state_FL__x__outpatient;state_GA__x__dme;state_GA__x__outpatient;state_HI__x__dme;state_HI__x__outpatient;state_IA__x__dme;state_IA__x__outpatient;state_ID__x__dme;state_ID__x__outpatient;state_IL__x__dme;state_IL__x__outpatient;state_IN__x__dme;state_IN__x__outpatient;state_KS__x__dme;state_KS__x__outpatient;state_KY__x__dme;state_KY__x__outpatient;state_LA__x__dme;state_LA__x__outpatient;state_MA__x__dme;state_MA__x__outpatient;state_MD__x__dme;state_MD__x__outpatient;state_ME__x__dme;state_ME__x__outpatient;state_MI__x__dme;state_MI__x__outpatient;state_MN__x__dme;state_MN__x__outpatient;state_MO__x__dme;state_MO__x__outpatient;state_MS__x__dme;state_MS__x__outpatient;state_MT__x__dme;state_MT__x__outpatient;state_NC__x__dme;state_NC__x__outpatient;state_ND__x__dme;state_ND__x__outpatient;state_NE__x__dme;state_NE__x__outpatient;state_NH__x__dme;state_NH__x__outpatient;state_NJ__x__dme;state_NJ__x__outpatient;state_NM__x__dme;state_NM__x__outpatient;state_NV__x__dme;state_NV__x__outpatient;state_NY__x__dme;state_NY__x__outpatient;state_OH__x__dme;state_OH__x__outpatient;state_OK__x__dme;state_OK__x__outpatient;state_OR__x__dme;state_OR__x__outpatient;state_PA__x__dme;state_PA__x__outpatient;state_RI__x__dme;state_RI__x__outpatient;state_SC__x__dme;state_SC__x__outpatient;state_SD__x__dme;state_SD__x__outpatient;state_TN__x__dme;state_TN__x__outpatient;state_TX__x__dme;state_TX__x__outpatient;state_UT__x__dme;state_UT__x__outpatient;state_VA__x__dme;state_VA__x__outpatient;state_VT__x__dme;state_VT__x__outpatient;state_WA__x__dme;state_WA__x__outpatient;state_WI__x__dme;state_WI__x__outpatient;state_WV__x__dme;state_WV__x__outpatient;state_WY__x__dme;state_WY__x__outpatient,2.6908962252564724e-147,True
PRNCPAL_DGNS_CD,40,-359908.75210728333,774.620766221662,774.620766221662,7.999292244724975e-137,True,4,dgns_C50929__x__dme;dgns_C50929__x__outpatient;dgns_E785__x__dme;dgns_E785__x__outpatient;dgns_I259__x__dme;dgns_I259__x__outpatient;dgns_J0190__x__dme;dgns_J0190__x__outpatient;dgns_J209__x__dme;dgns_J209__x__outpatient;dgns_J329__x__dme;dgns_J329__x__outpatient;dgns_K635__x__dme;dgns_K635__x__outpatient;dgns_M5450__x__dme;dgns_M5450__x__outpatient;dgns_M7918__x__dme;dgns_M7918__x__outpatient;dgns_N184__x__dme;dgns_N184__x__outpatient;dgns_R931__x__dme;dgns_R931__x__outpatient;dgns_T50901A__x__dme;dgns_T50901A__x__outpatient;dgns_T7421X__x__dme;dgns_T7421X__x__outpatient;dgns_T7432X__x__dme;dgns_T7432X__x__outpatient;dgns_Z3480__x__dme;dgns_Z3480__x__outpatient;dgns_Z604__x__dme;dgns_Z604__x__outpatient;dgns_Z608__x__dme;dgns_Z608__x__outpatient;dgns_Z653__x__dme;dgns_Z653__x__outpatient;dgns_Z733__x__dme;dgns_Z733__x__outpatient;dgns___OTHER____x__dme;dgns___OTHER____x__outpatient,7.999292244724975e-136,True
HCPCS_CD,10,-359834.74708947394,626.6107306028716,626.6107306028716,3.4868328158308445e-128,True,6,hcpcs_94010__x__outpatient;hcpcs_96127__x__outpatient;hcpcs_96156__x__outpatient;hcpcs_99401__x__outpatient;hcpcs_99408__x__outpatient;hcpcs_99495__x__outpatient;hcpcs_G0442__x__outpatient;hcpcs_G8839__x__outpatient;hcpcs_M1069__x__outpatient;hcpcs___OTHER____x__outpatient,3.13814953424776e-127,True
prvdr_num_freq,1,-359537.6514729104,32.419497475842945,32.419497475842945,1.242337234596942e-08,True,3,prvdr_num_freq__x__outpatient,9.938697876775536e-08,True
CARR_CLM_CASH_DDCTBL_APLD_AMT,1,-359525.25473743374,7.626026522484608,7.626026522484608,0.0057531914123392,True,4,CARR_CLM_CASH_DDCTBL_APLD_AMT__x__dme,0.040272339886374395,True
LINE_ALOWD_CHRG_AMT,1,-359523.5671820217,4.250915698357858,4.250915698357858,0.0392291727189309,True,5,LINE_ALOWD_CHRG_AMT__x__dme,0.23537503631358542,False
LINE_BENE_PTB_DDCTBL_AMT,1,-359523.4799270531,4.076405761181377,4.076405761181377,0.0434860673837602,True,3,LINE_BENE_PTB_DDCTBL_AMT__x__dme,0.23537503631358542,False
LINE_NCH_PMT_AMT,1,-359522.83384270174,2.7842370584839955,2.7842370584839955,0.0951960193612314,True,4,LINE_NCH_PMT_AMT__x__dme,0.3807840774449256,False
NCH_CARR_CLM_SBMTD_CHRG_AMT,1,-359522.21948744374,1.5555265424773097,1.5555265424773097,0.21232142442437,True,3,NCH_CARR_CLM_SBMTD_CHRG_AMT__x__dme,0.63696427327311,False
LINE_SRVC_CNT,1,-359522.19149150763,1.4995346702635288,1.4995346702635288,0.220742974379716,True,4,LINE_SRVC_CNT__x__dme,0.63696427327311,False
NCH_CARR_CLM_ALOWD_AMT,1,-359521.68779716524,0.4921459854813292,0.4921459854813292,0.4829715880438887,True,3,NCH_CARR_CLM_ALOWD_AMT__x__dme,0.63696427327311,False
